Train,Test
217.087514887972,212.36417577492753
11.187493487363112,10.924535893289585
0.244043222930537,0.2511487735990693
0.7469981283679723,0.7462592819180491
