Train,Test
36.83656305929205,40.37657548637219
4.724745745186342,4.8919893117201445
0.14312053354620577,0.14697641696978278
0.8828082887489002,0.8730959464560009
