Train,Test
118.95169603141947,124.50662798831587
8.41540633532817,8.64794548766354
0.17963004849879985,0.18493836974935485
0.3714312488449031,0.3745372467960879
