Train,Test
69.89725736789774,74.58098904751323
6.369897322940064,6.644504624688791
0.1931370587649205,0.1968191190234545
0.7776291129680678,0.7655910707275185
