Train,Test
112.81831395912832,102.0990730097342
6.757737666980545,6.484770839821598
0.1375282167610757,0.13948962155430011
0.8685173368871124,0.8780081809634008
