Train,Test
51.25697411658625,57.66081456750002
5.478237310387348,5.998162223969951
0.12450397386773114,0.13624637480670623
0.7291460880058267,0.7103391810213249
