Train,Test
252.31703654341018,238.70933105452346
13.819610648807453,13.87293432759424
0.18481555719279272,0.18782198285998053
0.11692574090794983,0.06261794981697133
