Train,Test
282.7065711828468,284.9874155864904
12.787671512133558,13.386526747577966
0.18374635137028167,0.1932913415782302
0.010566629555373241,-0.1191103704186971
