Train,Test
72.07083308064846,71.95687494660591
6.550759637233084,6.505894670271684
0.22341595764580308,0.22189778834956794
0.6838393510306655,0.7023699214936141
