Train,Test
34.21635012386457,30.2
3.9388934764657306,3.9923076923076923
0.13588996624718924,0.13165047825710227
0.849899564107749,0.8750858986363357
