Train,Test
100.20122923105698,107.23164023654932
7.712949108485438,8.024206913841537
0.18641440972337137,0.18597290132388042
0.4871413498996944,0.4602572458593418
