Train,Test
60.22952508805502,61.13495494624325
6.0871628071858925,6.0981114654876
0.15380582130269235,0.15083399374457532
0.6917280040386131,0.6922815981909836
