Train,Test
113.3128932890442,117.98325843553162
8.379120055753685,8.586551187313502
0.28792237287034517,0.2896923795770717
0.11920643896879413,0.11217280443922717
