Train,Test
81.47092865093977,78.00573288980519
5.843080574803976,5.678969603748248
0.11980338771208453,0.11649633914492172
0.8765403167530381,0.8918946790900901
