Train,Test
31.074443492472074,32.18167814811493
4.140836616783597,4.2476584656279
0.15341522389093118,0.15335252607550467
0.7584549388304801,0.7578320056799206
