Train,Test
116.72196960951541,120.47636414880614
7.650205676048015,7.786273903412636
0.1671120040778162,0.17220254821605546
0.8231214786111799,0.8330361689343475
