Train,Test
63.2231854311704,72.17885352854458
5.760939519506216,6.111800292270093
0.14106830190461797,0.15099120547097267
0.726445925766244,0.6939216340090684
