Train,Test
186.44162158144533,184.64762747523883
11.221585439583183,11.048757812414399
0.2751237356146739,0.2691458750092366
0.1933044049816649,0.21699166253211932
