Train,Test
39.318768255613904,38.510081100144646
4.741239962892892,4.768749310463166
0.13278131685339375,0.1368128564081934
0.7935534421877186,0.787841648685039
