Train,Test
191.5190638673756,182.24873173614694
11.372467630162557,11.032337429473651
0.33910608543462384,0.3325679163170141
-0.0055872359431017316,-0.004038146630604977
